{
    "items": [

    {
        "name": "item 1", 
        "price": "10"
    },

    {
        "name": "item 2", 
        "price": "15"
    },

    {
        "name": "item 3", 
        "price": "5"
    },

    {
        "name": "item 4", 
        "price": "33"
    },

    {
        "name": "item 5", 
        "price": "6"
    },

    {
        "name": "item 6", 
        "price": "41"
    },

    {
        "name": "item 7", 
        "price": "9.99"
    },

    {
        "name": "item 8", 
        "price": "3.16"
    },

    {
        "name": "item 9", 
        "price": "8"
    }
    ]
}